<?xml version="1.0" encoding="utf-8"?>
<odoo>
    <!-- Create a security group for real estate management -->
    <record id="group_real_estate_user" model="res.groups">
        <field name="name">Real Estate / User</field>
        <field name="category_id" ref="base.module_category_sales_sales"/>
        <field name="implied_ids" eval="[(4, ref('base.group_user'))]"/>
    </record>

    <record id="group_real_estate_manager" model="res.groups">
        <field name="name">Real Estate / Manager</field>
        <field name="category_id" ref="base.module_category_sales_sales"/>
        <field name="implied_ids" eval="[(4, ref('group_real_estate_user'))]"/>
        <field name="users" eval="[(4, ref('base.user_root')), (4, ref('base.user_admin'))]"/>
    </record>

    <!-- Record rules -->
    <record id="rule_property_salesperson" model="ir.rule">
        <field name="name">Property: own or see all</field>
        <field name="model_id" ref="model_real_estate_property"/>
        <field name="domain_force">['|', ('user_id', '=', user.id), ('user_id', '=', False)]</field>
        <field name="groups" eval="[(4, ref('group_real_estate_user'))]"/>
    </record>

    <record id="rule_property_manager" model="ir.rule">
        <field name="name">Property: manager sees all</field>
        <field name="model_id" ref="model_real_estate_property"/>
        <field name="domain_force">[(1, '=', 1)]</field>
        <field name="groups" eval="[(4, ref('group_real_estate_manager'))]"/>
    </record>
</odoo>
